{"cameraMode":{"drawMode":0,"name":"Shaded","section":"Shading Mode"},"sceneLighting":true,"audioPlay":false,"sceneViewState":{"m_AlwaysRefresh":false,"showFog":true,"showSkybox":true,"showFlares":true,"showImageEffects":true,"showParticleSystems":true,"showVisualEffectGraphs":true,"m_FxEnabled":true},"in2DMode":false,"pivot":{"x":-1.201445460319519,"y":0.8667763471603394,"z":-11.965340614318848},"rotation":{"x":-0.02880159765481949,"y":-0.016895070672035219,"z":0.0004870998964179307,"w":-0.9994455575942993},"size":0.8660253882408142,"orthographic":false}